{
  "data": {
    "tpAmb": "1",
    "verAplic": "1.7.4",
    "cStat": "137",
    "xMotivo": "Nenhum documento localizado",
    "dhResp": "2025-06-02T14:56:52-03:00",
    "ultNSU": "000000000000075",
    "maxNSU": "000000000000075",
    "docZip": []
  },
  "reqXml": "<?xml version=\"1.0\" encoding=\"utf-8\"?><soap12:Envelope xmlns:xsi=\"http://www.w3.org/2001/XMLSchema-instance\" xmlns:xsd=\"http://www.w3.org/2001/XMLSchema\" xmlns:soap12=\"http://www.w3.org/2003/05/soap-envelope\"><soap12:Body><nfeDistDFeInteresse xmlns=\"http://www.portalfiscal.inf.br/nfe/wsdl/NFeDistribuicaoDFe\"><nfeDadosMsg><distDFeInt xmlns=\"http://www.portalfiscal.inf.br/nfe\" versao=\"1.01\"><tpAmb>1</tpAmb><cUFAutor>29</cUFAutor><CNPJ>22754722000174</CNPJ><distNSU><ultNSU>000000000000075</ultNSU></distNSU></distDFeInt></nfeDadosMsg></nfeDistDFeInteresse></soap12:Body></soap12:Envelope>",
  "resXml": "<?xml version=\"1.0\" encoding=\"utf-8\"?><soap:Envelope xmlns:soap=\"http://www.w3.org/2003/05/soap-envelope\" xmlns:xsi=\"http://www.w3.org/2001/XMLSchema-instance\" xmlns:xsd=\"http://www.w3.org/2001/XMLSchema\"><soap:Body><nfeDistDFeInteresseResponse xmlns=\"http://www.portalfiscal.inf.br/nfe/wsdl/NFeDistribuicaoDFe\"><nfeDistDFeInteresseResult><retDistDFeInt xmlns:xsd=\"http://www.w3.org/2001/XMLSchema\" xmlns:xsi=\"http://www.w3.org/2001/XMLSchema-instance\" versao=\"1.01\" xmlns=\"http://www.portalfiscal.inf.br/nfe\"><tpAmb>1</tpAmb><verAplic>1.7.4</verAplic><cStat>137</cStat><xMotivo>Nenhum documento localizado</xMotivo><dhResp>2025-06-02T14:56:52-03:00</dhResp><ultNSU>000000000000075</ultNSU><maxNSU>000000000000075</maxNSU></retDistDFeInt></nfeDistDFeInteresseResult></nfeDistDFeInteresseResponse></soap:Body></soap:Envelope>",
  "status": 200
}